{
  "0": {
    "precision": 0.6570801317233809,
    "recall": 0.6500868809730669,
    "f1-score": 0.6535647996506169,
    "support": 4604.0
  },
  "1": {
    "precision": 0.6857142857142857,
    "recall": 0.7190620929222753,
    "f1-score": 0.701992369648156,
    "support": 4606.0
  },
  "2": {
    "precision": 0.6150471594647949,
    "recall": 0.6085069444444444,
    "f1-score": 0.6117595723791862,
    "support": 4608.0
  },
  "3": {
    "precision": 0.5418111753371869,
    "recall": 0.6102430555555556,
    "f1-score": 0.5739946927944478,
    "support": 4608.0
  },
  "4": {
    "precision": 0.6189595375722543,
    "recall": 0.5811984368215372,
    "f1-score": 0.5994849400962938,
    "support": 4606.0
  },
  "5": {
    "precision": 0.8615988909426987,
    "recall": 0.8092447916666666,
    "f1-score": 0.8346016114592659,
    "support": 4608.0
  },
  "6": {
    "precision": 0.7162421912542047,
    "recall": 0.6471993052540165,
    "f1-score": 0.6799726277372263,
    "support": 4606.0
  },
  "7": {
    "precision": 0.760727119002325,
    "recall": 0.7810329861111112,
    "f1-score": 0.7707463325837884,
    "support": 4608.0
  },
  "8": {
    "precision": 0.675542194545845,
    "recall": 0.6827256944444444,
    "f1-score": 0.6791149487317862,
    "support": 4608.0
  },
  "9": {
    "precision": 0.8681597295584196,
    "recall": 0.8917100694444444,
    "f1-score": 0.8797773257681191,
    "support": 4608.0
  },
  "accuracy": 0.6981115693509876,
  "macro avg": {
    "precision": 0.7000882415115396,
    "recall": 0.6981010257637562,
    "f1-score": 0.6985009220848888,
    "support": 46070.0
  },
  "weighted avg": {
    "precision": 0.7000954203667412,
    "recall": 0.6981115693509876,
    "f1-score": 0.6985097749207315,
    "support": 46070.0
  }
}