{
  "0": {
    "precision": 0.6561395759717314,
    "recall": 0.6453084274543874,
    "f1-score": 0.6506789312308366,
    "support": 4604.0
  },
  "1": {
    "precision": 0.6895418122046435,
    "recall": 0.7286148501953973,
    "f1-score": 0.7085400612266441,
    "support": 4606.0
  },
  "2": {
    "precision": 0.6289582377237265,
    "recall": 0.5948350694444444,
    "f1-score": 0.6114209234887352,
    "support": 4608.0
  },
  "3": {
    "precision": 0.5582633626868728,
    "recall": 0.5915798611111112,
    "f1-score": 0.5744389421557264,
    "support": 4608.0
  },
  "4": {
    "precision": 0.618653801975649,
    "recall": 0.584672166739036,
    "f1-score": 0.6011831677642594,
    "support": 4606.0
  },
  "5": {
    "precision": 0.8429914716816095,
    "recall": 0.8365885416666666,
    "f1-score": 0.8397778019823549,
    "support": 4608.0
  },
  "6": {
    "precision": 0.6933006899621633,
    "recall": 0.6762917933130699,
    "f1-score": 0.6846906253434444,
    "support": 4606.0
  },
  "7": {
    "precision": 0.7624031819133348,
    "recall": 0.7903645833333334,
    "f1-score": 0.776132125732552,
    "support": 4608.0
  },
  "8": {
    "precision": 0.6858338841154439,
    "recall": 0.6755642361111112,
    "f1-score": 0.6806603257898765,
    "support": 4608.0
  },
  "9": {
    "precision": 0.8793360289423282,
    "recall": 0.8967013888888888,
    "f1-score": 0.8879338132588375,
    "support": 4608.0
  },
  "accuracy": 0.7020620794443239,
  "macro avg": {
    "precision": 0.7015422047177503,
    "recall": 0.7020520918257447,
    "f1-score": 0.7015456717973267,
    "support": 46070.0
  },
  "weighted avg": {
    "precision": 0.7015506238871666,
    "recall": 0.7020620794443239,
    "f1-score": 0.7015548733012202,
    "support": 46070.0
  }
}